9199,"Celular Samsung Galaxy S24 Ultra, 256gb, 12gb Ram, 6.8 , Ai Cor Titânio-cinza",2025-07-24 18-49-35,https://www.mercadolivre.com.br/celular-samsung-galaxy-s24-ultra-256gb-12gb-ram-68-ai-cor-titnio-cinza/p/MLB34491099#polycard_client=search-nordic&searchVariation=MLB34491099&wid=MLB4392480274&position=21&search_layout=stack&type=product&tracking_id=68808753-7f3b-4907-bbe3-6ab1e24efd5c&sid=search
9199,"Celular Samsung Galaxy S24 Ultra, 256gb, 12gb Ram, 6.8 , Ai Cor Titânio-cinza",2025-07-24 18-49-37,https://www.mercadolivre.com.br/celular-samsung-galaxy-s24-ultra-256gb-12gb-ram-68-ai-cor-titnio-cinza/p/MLB34491099#polycard_client=search-nordic&searchVariation=MLB34491099&wid=MLB4392480274&position=21&search_layout=stack&type=product&tracking_id=68808753-7f3b-4907-bbe3-6ab1e24efd5c&sid=search
9199,"Celular Samsung Galaxy S24 Ultra, 256gb, 12gb Ram, 6.8 , Ai Cor Titânio-cinza",2025-07-24 18-49-39,https://www.mercadolivre.com.br/celular-samsung-galaxy-s24-ultra-256gb-12gb-ram-68-ai-cor-titnio-cinza/p/MLB34491099#polycard_client=search-nordic&searchVariation=MLB34491099&wid=MLB4392480274&position=21&search_layout=stack&type=product&tracking_id=68808753-7f3b-4907-bbe3-6ab1e24efd5c&sid=search
9199,"Celular Samsung Galaxy S24 Ultra, 256gb, 12gb Ram, 6.8 , Ai Cor Titânio-cinza",2025-07-24 18-49-46,https://www.mercadolivre.com.br/celular-samsung-galaxy-s24-ultra-256gb-12gb-ram-68-ai-cor-titnio-cinza/p/MLB34491099#polycard_client=search-nordic&searchVariation=MLB34491099&wid=MLB4392480274&position=21&search_layout=stack&type=product&tracking_id=68808753-7f3b-4907-bbe3-6ab1e24efd5c&sid=search
9199,"Celular Samsung Galaxy S24 Ultra, 256gb, 12gb Ram, 6.8 , Ai Cor Titânio-cinza",2025-07-24 19-03-37,https://www.mercadolivre.com.br/celular-samsung-galaxy-s24-ultra-256gb-12gb-ram-68-ai-cor-titnio-cinza/p/MLB34491099#polycard_client=search-nordic&searchVariation=MLB34491099&wid=MLB4392480274&position=21&search_layout=stack&type=product&tracking_id=68808753-7f3b-4907-bbe3-6ab1e24efd5c&sid=search
9199,"Celular Samsung Galaxy S24 Ultra, 256gb, 12gb Ram, 6.8 , Ai Cor Titânio-cinza",2025-07-24 19-04-27,https://www.mercadolivre.com.br/celular-samsung-galaxy-s24-ultra-256gb-12gb-ram-68-ai-cor-titnio-cinza/p/MLB34491099#polycard_client=search-nordic&searchVariation=MLB34491099&wid=MLB4392480274&position=21&search_layout=stack&type=product&tracking_id=68808753-7f3b-4907-bbe3-6ab1e24efd5c&sid=search
9199,"Celular Samsung Galaxy S24 Ultra, 256gb, 12gb Ram, 6.8 , Ai Cor Titânio-cinza",2025-07-24 19:04:58,https://www.mercadolivre.com.br/celular-samsung-galaxy-s24-ultra-256gb-12gb-ram-68-ai-cor-titnio-cinza/p/MLB34491099#polycard_client=search-nordic&searchVariation=MLB34491099&wid=MLB4392480274&position=21&search_layout=stack&type=product&tracking_id=68808753-7f3b-4907-bbe3-6ab1e24efd5c&sid=search
9199,"Celular Samsung Galaxy S24 Ultra, 256gb, 12gb Ram, 6.8 , Ai Cor Titânio-cinza",2025-07-24 19:07:42,https://www.mercadolivre.com.br/celular-samsung-galaxy-s24-ultra-256gb-12gb-ram-68-ai-cor-titnio-cinza/p/MLB34491099#polycard_client=search-nordic&searchVariation=MLB34491099&wid=MLB4392480274&position=21&search_layout=stack&type=product&tracking_id=68808753-7f3b-4907-bbe3-6ab1e24efd5c&sid=search
9199,"Celular Samsung Galaxy S24 Ultra, 256gb, 12gb Ram, 6.8 , Ai Cor Titânio-cinza",2025-07-24 19:07:53,https://www.mercadolivre.com.br/celular-samsung-galaxy-s24-ultra-256gb-12gb-ram-68-ai-cor-titnio-cinza/p/MLB34491099#polycard_client=search-nordic&searchVariation=MLB34491099&wid=MLB4392480274&position=21&search_layout=stack&type=product&tracking_id=68808753-7f3b-4907-bbe3-6ab1e24efd5c&sid=search
9199,"Celular Samsung Galaxy S24 Ultra, 256gb, 12gb Ram, 6.8 , Ai Cor Titânio-cinza",2025-07-24 19:08:05,https://www.mercadolivre.com.br/celular-samsung-galaxy-s24-ultra-256gb-12gb-ram-68-ai-cor-titnio-cinza/p/MLB34491099#polycard_client=search-nordic&searchVariation=MLB34491099&wid=MLB4392480274&position=21&search_layout=stack&type=product&tracking_id=68808753-7f3b-4907-bbe3-6ab1e24efd5c&sid=search
9199,"Celular Samsung Galaxy S24 Ultra, 256gb, 12gb Ram, 6.8 , Ai Cor Titânio-cinza",2025-07-24 19:08:16,https://www.mercadolivre.com.br/celular-samsung-galaxy-s24-ultra-256gb-12gb-ram-68-ai-cor-titnio-cinza/p/MLB34491099#polycard_client=search-nordic&searchVariation=MLB34491099&wid=MLB4392480274&position=21&search_layout=stack&type=product&tracking_id=68808753-7f3b-4907-bbe3-6ab1e24efd5c&sid=search
9199,"Celular Samsung Galaxy S24 Ultra, 256gb, 12gb Ram, 6.8 , Ai Cor Titânio-cinza",2025-07-24 19:17:59,https://www.mercadolivre.com.br/celular-samsung-galaxy-s24-ultra-256gb-12gb-ram-68-ai-cor-titnio-cinza/p/MLB34491099#polycard_client=search-nordic&searchVariation=MLB34491099&wid=MLB4392480274&position=21&search_layout=stack&type=product&tracking_id=68808753-7f3b-4907-bbe3-6ab1e24efd5c&sid=search
9199,"Celular Samsung Galaxy S24 Ultra, 256gb, 12gb Ram, 6.8 , Ai Cor Titânio-cinza",2025-07-24 19:18:10,https://www.mercadolivre.com.br/celular-samsung-galaxy-s24-ultra-256gb-12gb-ram-68-ai-cor-titnio-cinza/p/MLB34491099#polycard_client=search-nordic&searchVariation=MLB34491099&wid=MLB4392480274&position=21&search_layout=stack&type=product&tracking_id=68808753-7f3b-4907-bbe3-6ab1e24efd5c&sid=search
9199,"Celular Samsung Galaxy S24 Ultra, 256gb, 12gb Ram, 6.8 , Ai Cor Titânio-cinza",2025-07-24 19:18:21,https://www.mercadolivre.com.br/celular-samsung-galaxy-s24-ultra-256gb-12gb-ram-68-ai-cor-titnio-cinza/p/MLB34491099#polycard_client=search-nordic&searchVariation=MLB34491099&wid=MLB4392480274&position=21&search_layout=stack&type=product&tracking_id=68808753-7f3b-4907-bbe3-6ab1e24efd5c&sid=search
9199,"Celular Samsung Galaxy S24 Ultra, 256gb, 12gb Ram, 6.8 , Ai Cor Titânio-cinza",2025-07-24 19:18:33,https://www.mercadolivre.com.br/celular-samsung-galaxy-s24-ultra-256gb-12gb-ram-68-ai-cor-titnio-cinza/p/MLB34491099#polycard_client=search-nordic&searchVariation=MLB34491099&wid=MLB4392480274&position=21&search_layout=stack&type=product&tracking_id=68808753-7f3b-4907-bbe3-6ab1e24efd5c&sid=search
9199,"Celular Samsung Galaxy S24 Ultra, 256gb, 12gb Ram, 6.8 , Ai Cor Titânio-cinza",2025-07-24 19:18:44,https://www.mercadolivre.com.br/celular-samsung-galaxy-s24-ultra-256gb-12gb-ram-68-ai-cor-titnio-cinza/p/MLB34491099#polycard_client=search-nordic&searchVariation=MLB34491099&wid=MLB4392480274&position=21&search_layout=stack&type=product&tracking_id=68808753-7f3b-4907-bbe3-6ab1e24efd5c&sid=search
9199,"Celular Samsung Galaxy S24 Ultra, 256gb, 12gb Ram, 6.8 , Ai Cor Titânio-cinza",2025-07-24 19:18:56,https://www.mercadolivre.com.br/celular-samsung-galaxy-s24-ultra-256gb-12gb-ram-68-ai-cor-titnio-cinza/p/MLB34491099#polycard_client=search-nordic&searchVariation=MLB34491099&wid=MLB4392480274&position=21&search_layout=stack&type=product&tracking_id=68808753-7f3b-4907-bbe3-6ab1e24efd5c&sid=search
9199,"Celular Samsung Galaxy S24 Ultra, 256gb, 12gb Ram, 6.8 , Ai Cor Titânio-cinza",2025-07-24 19:19:07,https://www.mercadolivre.com.br/celular-samsung-galaxy-s24-ultra-256gb-12gb-ram-68-ai-cor-titnio-cinza/p/MLB34491099#polycard_client=search-nordic&searchVariation=MLB34491099&wid=MLB4392480274&position=21&search_layout=stack&type=product&tracking_id=68808753-7f3b-4907-bbe3-6ab1e24efd5c&sid=search
9199,"Celular Samsung Galaxy S24 Ultra, 256gb, 12gb Ram, 6.8 , Ai Cor Titânio-cinza",2025-07-24 19:28:22,https://www.mercadolivre.com.br/celular-samsung-galaxy-s24-ultra-256gb-12gb-ram-68-ai-cor-titnio-cinza/p/MLB34491099#polycard_client=search-nordic&searchVariation=MLB34491099&wid=MLB4392480274&position=21&search_layout=stack&type=product&tracking_id=68808753-7f3b-4907-bbe3-6ab1e24efd5c&sid=search
9199,"Celular Samsung Galaxy S24 Ultra, 256gb, 12gb Ram, 6.8 , Ai Cor Titânio-cinza",2025-07-24 19:28:33,https://www.mercadolivre.com.br/celular-samsung-galaxy-s24-ultra-256gb-12gb-ram-68-ai-cor-titnio-cinza/p/MLB34491099#polycard_client=search-nordic&searchVariation=MLB34491099&wid=MLB4392480274&position=21&search_layout=stack&type=product&tracking_id=68808753-7f3b-4907-bbe3-6ab1e24efd5c&sid=search
9199,"Celular Samsung Galaxy S24 Ultra, 256gb, 12gb Ram, 6.8 , Ai Cor Titânio-cinza",2025-07-24 19:28:44,https://www.mercadolivre.com.br/celular-samsung-galaxy-s24-ultra-256gb-12gb-ram-68-ai-cor-titnio-cinza/p/MLB34491099#polycard_client=search-nordic&searchVariation=MLB34491099&wid=MLB4392480274&position=21&search_layout=stack&type=product&tracking_id=68808753-7f3b-4907-bbe3-6ab1e24efd5c&sid=search
9199,"Celular Samsung Galaxy S24 Ultra, 256gb, 12gb Ram, 6.8 , Ai Cor Titânio-cinza",2025-07-24 19:28:56,https://www.mercadolivre.com.br/celular-samsung-galaxy-s24-ultra-256gb-12gb-ram-68-ai-cor-titnio-cinza/p/MLB34491099#polycard_client=search-nordic&searchVariation=MLB34491099&wid=MLB4392480274&position=21&search_layout=stack&type=product&tracking_id=68808753-7f3b-4907-bbe3-6ab1e24efd5c&sid=search
9199,"Celular Samsung Galaxy S24 Ultra, 256gb, 12gb Ram, 6.8 , Ai Cor Titânio-cinza",2025-07-24 19:30:17,https://www.mercadolivre.com.br/celular-samsung-galaxy-s24-ultra-256gb-12gb-ram-68-ai-cor-titnio-cinza/p/MLB34491099#polycard_client=search-nordic&searchVariation=MLB34491099&wid=MLB4392480274&position=21&search_layout=stack&type=product&tracking_id=68808753-7f3b-4907-bbe3-6ab1e24efd5c&sid=search
